{
  "project_info": {
    "project_number": "277676208806",
    "firebase_url": "https://chat-f665a.firebaseio.com",
    "project_id": "chat-f665a",
    "storage_bucket": "chat-f665a.appspot.com"
  },
  "client": [
    {
      "client_info": {
        "mobilesdk_app_id": "1:277676208806:android:d2d69c46e50d5712",
        "android_client_info": {
          "package_name": "melarahmadani.com"
        }
      },
      "oauth_client": [
        {
          "client_id": "277676208806-rc3svv4p38uaa5g40c1md6nsequm5t96.apps.googleusercontent.com",
          "client_type": 3
        }
      ],
      "api_key": [
        {
          "current_key": "AIzaSyBqLSMVqmpGuKdRyJ5dXSMhBCwBx2dAAfY"
        }
      ],
      "services": {
        "analytics_service": {
          "status": 1
        },
        "appinvite_service": {
          "status": 1,
          "other_platform_oauth_client": []
        },
        "ads_service": {
          "status": 2
        }
      }
    }
  ],
  "configuration_version": "1"
}